{"payload":{"installed_packages":["absl-py==2.1.0","asttokens==2.4.1","attrs==25.3.0","autocommand==2.2.2","backports.tarfile==1.2.0","certifi==2024.8.30","charset-normalizer==3.4.0","colorama==0.4.6","comet_ml==3.49.8","comm==0.2.2","configobj==5.0.9","contourpy==1.2.1","cvzone==1.6.1","cycler==0.12.1","cython==3.0.11","debugpy==1.8.1","decorator==5.1.1","dulwich==0.22.8","everett==3.1.0","executing==2.0.1","filelock==3.16.1","fonttools==4.53.1","fsspec==2024.9.0","gitdb==4.0.11","gitpython==3.1.43","grpcio==1.68.1","idna==3.10","importlib_metadata==8.0.0","inflect==7.3.1","ipykernel==6.29.4","ipython==8.24.0","jaraco.collections==5.1.0","jaraco.context==5.3.0","jaraco.functools==4.0.1","jaraco.text==3.12.1","jedi==0.19.1","jinja2==3.1.4","jsonschema==4.23.0","jsonschema-specifications==2025.4.1","jupyter_client==8.6.1","jupyter_core==5.7.2","kiwisolver==1.4.5","markdown==3.7","markdown-it-py==3.0.0","markupsafe==3.0.1","matplotlib==3.9.1.post1","matplotlib-inline==0.1.7","mdurl==0.1.2","more-itertools==10.3.0","mpmath==1.3.0","nest-asyncio==1.6.0","networkx==3.4.1","numpy==1.26.4","opencv-python==4.10.0.84","packaging==24.0","packaging==24.2","pandas==2.2.1","parso==0.8.4","pillow==10.4.0","pip==23.2.1","pip==25.0.1","platformdirs==4.2.1","platformdirs==4.2.2","prompt-toolkit==3.0.43","protobuf==5.29.1","psutil==5.9.8","pure-eval==0.2.2","py-cpuinfo==9.0.0","pycocotools==2.0","pygments==2.18.0","pyparsing==3.1.2","python-box==6.1.0","python-dateutil==2.9.0.post0","pytz==2024.1","pywin32==306","pyyaml==6.0.2","pyzmq==26.0.3","referencing==0.36.2","requests==2.32.3","requests-toolbelt==1.0.0","rich==14.0.0","rpds-py==0.24.0","scipy==1.14.1","seaborn==0.13.2","semantic-version==2.10.0","sentry-sdk==2.27.0","setuptools==75.6.0","simplejson==3.20.1","six==1.16.0","smmap==5.0.1","stack-data==0.6.3","sympy==1.13.3","tensorboard==2.18.0","tensorboard-data-server==0.7.2","thop==0.1.1-2209072238","tomli==2.0.1","torch==2.4.1+cu118","torchaudio==2.4.1+cu118","torchvision==0.19.1","tornado==6.4","tqdm==4.66.5","traitlets==5.14.3","typeguard==4.3.0","typing_extensions==4.12.2","typing_extensions==4.12.2","tzdata==2024.1","ultralytics==8.3.12","ultralytics-thop==2.0.9","urllib3==2.2.3","wcwidth==0.2.13","werkzeug==3.1.3","wheel==0.43.0","wheel==0.45.1","wrapt==1.17.2","wurlitzer==3.1.1","zipp==3.19.2"],"message_id":1},"type":"installed_packages"}
{"payload":{"command":["c:\\Users\\91895\\OneDrive\\Desktop\\cloneyolo\\yolov5\\train.py"],"env":null,"hostname":"Sinchana","ip":"192.168.208.137","machine":"AMD64","message_id":2,"os":"Windows-11-10.0.26100-SP0","os_release":"11","os_type":"Windows","pid":11752,"processor":"Intel64 Family 6 Model 140 Stepping 2, GenuineIntel","python_exe":"C:\\Program Files\\Python312\\python.exe","python_version":"3.12.6","python_version_verbose":"3.12.6 (tags/v3.12.6:a4a2d2b, Sep  6 2024, 20:11:23) [MSC v.1940 64 bit (AMD64)]","user":"SINCHANA DEVADIGA"},"type":"system_details"}
{"payload":{"local_timestamp":1745590374895,"message_id":3,"metric":{"epoch":null,"metricName":"sys.cpu.percent.avg","metricValue":0.0,"step":null}},"type":"metric_msg"}
{"payload":{"local_timestamp":1745590374895,"message_id":4,"metric":{"epoch":null,"metricName":"sys.ram.total","metricValue":8215298048,"step":null}},"type":"metric_msg"}
{"payload":{"local_timestamp":1745590374896,"message_id":5,"metric":{"epoch":null,"metricName":"sys.ram.used","metricValue":7582715904,"step":null}},"type":"metric_msg"}
{"payload":{"local_timestamp":1745590374896,"message_id":6,"metric":{"epoch":null,"metricName":"sys.ram.available","metricValue":632582144,"step":null}},"type":"metric_msg"}
{"payload":{"local_timestamp":1745590374896,"message_id":7,"metric":{"epoch":null,"metricName":"sys.ram.percent.used","metricValue":92.3,"step":null}},"type":"metric_msg"}
{"payload":{"local_timestamp":1745590374896,"message_id":8,"metric":{"epoch":null,"metricName":"sys.load.avg","metricValue":0.0,"step":null}},"type":"metric_msg"}
{"payload":{"key":"offline_experiment","message_id":9,"value":true},"type":"log_other"}
{"payload":{"key":"Name","message_id":10,"value":"exp"},"type":"log_other"}
{"payload":{"additional_params":{"assetId":"27916a4fad98481f9954fb288ffbd225","context":null,"extension":"yaml","fileName":"data.yaml","overwrite":false,"runId":null,"step":null},"clean":true,"file_path":"tmpnum9oxg3","local_timestamp":1745590374903,"message_id":11,"metadata":{"type":"data-config-file"},"upload_type":"asset"},"type":"file_upload"}
{"payload":{"local_timestamp":1745590374921,"message_id":12,"output":"\nDataset not found , missing paths ['C:\\\\content\\\\siya\\\\images\\\\val']\n","stderr":true},"type":"standard_output"}
{"payload":{"local_timestamp":1745590374926,"message_id":13,"output":"Traceback (most recent call last):\n","stderr":true},"type":"standard_output"}
{"payload":{"local_timestamp":1745590374932,"message_id":14,"output":"  File \"c:\\Users\\91895\\OneDrive\\Desktop\\cloneyolo\\yolov5\\train.py\", line 986, in <module>\n","stderr":true},"type":"standard_output"}
{"payload":{"local_timestamp":1745590374946,"message_id":15,"output":"    ","stderr":true},"type":"standard_output"}
{"payload":{"local_timestamp":1745590374950,"message_id":16,"output":"main(opt)","stderr":true},"type":"standard_output"}
{"payload":{"local_timestamp":1745590374953,"message_id":17,"output":"\n","stderr":true},"type":"standard_output"}
{"payload":{"local_timestamp":1745590374968,"message_id":18,"output":"  File \"c:\\Users\\91895\\OneDrive\\Desktop\\cloneyolo\\yolov5\\train.py\", line 688, in main\n","stderr":true},"type":"standard_output"}
{"payload":{"local_timestamp":1745590374975,"message_id":19,"output":"    ","stderr":true},"type":"standard_output"}
{"payload":{"local_timestamp":1745590374980,"message_id":20,"output":"train(opt.hyp, opt, device, callbacks)","stderr":true},"type":"standard_output"}
{"payload":{"local_timestamp":1745590374988,"message_id":21,"output":"\n","stderr":true},"type":"standard_output"}
{"payload":{"local_timestamp":1745590374988,"message_id":22,"output":"  File \"c:\\Users\\91895\\OneDrive\\Desktop\\cloneyolo\\yolov5\\train.py\", line 180, in train\n","stderr":true},"type":"standard_output"}
{"payload":{"local_timestamp":1745590374992,"message_id":23,"output":"\u001b[1;38;5;39mCOMET INFO:\u001b[0m Couldn't find a Git repository in 'C:\\\\Users\\\\91895\\\\OneDrive\\\\Desktop\\\\cloneyolo' nor in any parent directory. Set `COMET_GIT_DIRECTORY` if your Git Repository is elsewhere.\n","stderr":true},"type":"standard_output"}
{"payload":{"local_timestamp":1745590374993,"message_id":24,"output":"    ","stderr":true},"type":"standard_output"}
{"payload":{"local_timestamp":1745590374997,"message_id":25,"output":"loggers = Loggers(","stderr":true},"type":"standard_output"}
{"payload":{"local_timestamp":1745590375043,"message_id":26,"output":"\n","stderr":true},"type":"standard_output"}
{"payload":{"local_timestamp":1745590375048,"message_id":27,"output":" ","stderr":true},"type":"standard_output"}
{"payload":{"local_timestamp":1745590375049,"message_id":28,"output":" ","stderr":true},"type":"standard_output"}
{"payload":{"local_timestamp":1745590375050,"message_id":29,"output":" ","stderr":true},"type":"standard_output"}
{"payload":{"local_timestamp":1745590375051,"message_id":30,"output":" ","stderr":true},"type":"standard_output"}
{"payload":{"local_timestamp":1745590375053,"message_id":31,"output":" ","stderr":true},"type":"standard_output"}
{"payload":{"local_timestamp":1745590375053,"message_id":32,"output":" ","stderr":true},"type":"standard_output"}
{"payload":{"local_timestamp":1745590375055,"message_id":33,"output":" ","stderr":true},"type":"standard_output"}
{"payload":{"local_timestamp":1745590375055,"message_id":34,"output":" ","stderr":true},"type":"standard_output"}
{"payload":{"local_timestamp":1745590375060,"message_id":35,"output":" ","stderr":true},"type":"standard_output"}
{"payload":{"local_timestamp":1745590375060,"message_id":36,"output":" ","stderr":true},"type":"standard_output"}
{"payload":{"local_timestamp":1745590375063,"message_id":37,"output":" ","stderr":true},"type":"standard_output"}
{"payload":{"local_timestamp":1745590375066,"message_id":38,"output":" ","stderr":true},"type":"standard_output"}
{"payload":{"local_timestamp":1745590375070,"message_id":39,"output":" ","stderr":true},"type":"standard_output"}
{"payload":{"local_timestamp":1745590375071,"message_id":40,"output":" ","stderr":true},"type":"standard_output"}
{"payload":{"local_timestamp":1745590375074,"message_id":41,"output":"^","stderr":true},"type":"standard_output"}
{"payload":{"local_timestamp":1745590375077,"message_id":42,"output":"^","stderr":true},"type":"standard_output"}
{"payload":{"local_timestamp":1745590375078,"message_id":43,"output":"^","stderr":true},"type":"standard_output"}
{"payload":{"local_timestamp":1745590375081,"message_id":44,"output":"^","stderr":true},"type":"standard_output"}
{"payload":{"local_timestamp":1745590375081,"message_id":45,"output":"^","stderr":true},"type":"standard_output"}
{"payload":{"local_timestamp":1745590375082,"message_id":46,"output":"^","stderr":true},"type":"standard_output"}
{"payload":{"local_timestamp":1745590375082,"message_id":47,"output":"^","stderr":true},"type":"standard_output"}
{"payload":{"local_timestamp":1745590375082,"message_id":48,"output":"^","stderr":true},"type":"standard_output"}
{"payload":{"local_timestamp":1745590375082,"message_id":49,"output":"\n","stderr":true},"type":"standard_output"}
{"payload":{"local_timestamp":1745590375083,"message_id":50,"output":"  File \"c:\\Users\\91895\\OneDrive\\Desktop\\cloneyolo\\yolov5\\utils\\loggers\\__init__.py\", line 153, in __init__\n","stderr":true},"type":"standard_output"}
{"payload":{"local_timestamp":1745590375083,"message_id":51,"output":"    ","stderr":true},"type":"standard_output"}
{"payload":{"local_timestamp":1745590375083,"message_id":52,"output":"self.comet_logger = CometLogger(self.opt, self.hyp)","stderr":true},"type":"standard_output"}
{"payload":{"local_timestamp":1745590375084,"message_id":53,"output":"\n","stderr":true},"type":"standard_output"}
{"payload":{"local_timestamp":1745590375084,"message_id":54,"output":" ","stderr":true},"type":"standard_output"}
{"payload":{"local_timestamp":1745590375084,"message_id":55,"output":" ","stderr":true},"type":"standard_output"}
{"payload":{"local_timestamp":1745590375084,"message_id":56,"output":" ","stderr":true},"type":"standard_output"}
{"payload":{"local_timestamp":1745590375085,"message_id":57,"output":" ","stderr":true},"type":"standard_output"}
{"payload":{"local_timestamp":1745590375085,"message_id":58,"output":" ","stderr":true},"type":"standard_output"}
{"payload":{"local_timestamp":1745590375085,"message_id":59,"output":" ","stderr":true},"type":"standard_output"}
{"payload":{"local_timestamp":1745590375085,"message_id":60,"output":" ","stderr":true},"type":"standard_output"}
{"payload":{"local_timestamp":1745590375086,"message_id":61,"output":" ","stderr":true},"type":"standard_output"}
{"payload":{"local_timestamp":1745590375086,"message_id":62,"output":" ","stderr":true},"type":"standard_output"}
{"payload":{"local_timestamp":1745590375086,"message_id":63,"output":" ","stderr":true},"type":"standard_output"}
{"payload":{"local_timestamp":1745590375086,"message_id":64,"output":" ","stderr":true},"type":"standard_output"}
{"payload":{"local_timestamp":1745590375086,"message_id":65,"output":" ","stderr":true},"type":"standard_output"}
{"payload":{"local_timestamp":1745590375086,"message_id":66,"output":" ","stderr":true},"type":"standard_output"}
{"payload":{"local_timestamp":1745590375086,"message_id":67,"output":" ","stderr":true},"type":"standard_output"}
{"payload":{"local_timestamp":1745590375087,"message_id":68,"output":" ","stderr":true},"type":"standard_output"}
{"payload":{"local_timestamp":1745590375087,"message_id":69,"output":" ","stderr":true},"type":"standard_output"}
{"payload":{"local_timestamp":1745590375087,"message_id":70,"output":" ","stderr":true},"type":"standard_output"}
{"payload":{"local_timestamp":1745590375087,"message_id":71,"output":" ","stderr":true},"type":"standard_output"}
{"payload":{"local_timestamp":1745590375087,"message_id":72,"output":" ","stderr":true},"type":"standard_output"}
{"payload":{"local_timestamp":1745590375087,"message_id":73,"output":" ","stderr":true},"type":"standard_output"}
{"payload":{"local_timestamp":1745590375087,"message_id":74,"output":" ","stderr":true},"type":"standard_output"}
{"payload":{"local_timestamp":1745590375087,"message_id":75,"output":" ","stderr":true},"type":"standard_output"}
{"payload":{"local_timestamp":1745590375088,"message_id":76,"output":" ","stderr":true},"type":"standard_output"}
{"payload":{"local_timestamp":1745590375088,"message_id":77,"output":" ","stderr":true},"type":"standard_output"}
{"payload":{"local_timestamp":1745590375089,"message_id":78,"output":"^","stderr":true},"type":"standard_output"}
{"payload":{"local_timestamp":1745590375089,"message_id":79,"output":"^","stderr":true},"type":"standard_output"}
{"payload":{"local_timestamp":1745590375089,"message_id":80,"output":"^","stderr":true},"type":"standard_output"}
{"payload":{"local_timestamp":1745590375093,"message_id":81,"output":"^","stderr":true},"type":"standard_output"}
{"payload":{"local_timestamp":1745590375093,"message_id":82,"output":"^","stderr":true},"type":"standard_output"}
{"payload":{"local_timestamp":1745590375096,"message_id":83,"output":"^","stderr":true},"type":"standard_output"}
{"payload":{"local_timestamp":1745590375098,"message_id":84,"output":"^","stderr":true},"type":"standard_output"}
{"payload":{"local_timestamp":1745590375098,"message_id":85,"output":"^","stderr":true},"type":"standard_output"}
{"payload":{"local_timestamp":1745590375098,"message_id":86,"output":"^","stderr":true},"type":"standard_output"}
{"payload":{"local_timestamp":1745590375098,"message_id":87,"output":"^","stderr":true},"type":"standard_output"}
{"payload":{"local_timestamp":1745590375099,"message_id":88,"output":"^","stderr":true},"type":"standard_output"}
{"payload":{"local_timestamp":1745590375099,"message_id":89,"output":"^","stderr":true},"type":"standard_output"}
{"payload":{"local_timestamp":1745590375099,"message_id":90,"output":"^","stderr":true},"type":"standard_output"}
{"payload":{"local_timestamp":1745590375099,"message_id":91,"output":"^","stderr":true},"type":"standard_output"}
{"payload":{"local_timestamp":1745590375099,"message_id":92,"output":"^","stderr":true},"type":"standard_output"}
{"payload":{"local_timestamp":1745590375099,"message_id":93,"output":"^","stderr":true},"type":"standard_output"}
{"payload":{"local_timestamp":1745590375099,"message_id":94,"output":"^","stderr":true},"type":"standard_output"}
{"payload":{"local_timestamp":1745590375100,"message_id":95,"output":"^","stderr":true},"type":"standard_output"}
{"payload":{"local_timestamp":1745590375100,"message_id":96,"output":"^","stderr":true},"type":"standard_output"}
{"payload":{"local_timestamp":1745590375100,"message_id":97,"output":"^","stderr":true},"type":"standard_output"}
{"payload":{"local_timestamp":1745590375100,"message_id":98,"output":"^","stderr":true},"type":"standard_output"}
{"payload":{"local_timestamp":1745590375100,"message_id":99,"output":"^","stderr":true},"type":"standard_output"}
{"payload":{"local_timestamp":1745590375100,"message_id":100,"output":"^","stderr":true},"type":"standard_output"}
{"payload":{"local_timestamp":1745590375100,"message_id":101,"output":"^","stderr":true},"type":"standard_output"}
{"payload":{"local_timestamp":1745590375101,"message_id":102,"output":"^","stderr":true},"type":"standard_output"}
{"payload":{"local_timestamp":1745590375101,"message_id":103,"output":"^","stderr":true},"type":"standard_output"}
{"payload":{"local_timestamp":1745590375101,"message_id":104,"output":"^","stderr":true},"type":"standard_output"}
{"payload":{"local_timestamp":1745590375101,"message_id":105,"output":"^","stderr":true},"type":"standard_output"}
{"payload":{"local_timestamp":1745590375101,"message_id":106,"output":"^","stderr":true},"type":"standard_output"}
{"payload":{"local_timestamp":1745590375101,"message_id":107,"output":"^","stderr":true},"type":"standard_output"}
{"payload":{"local_timestamp":1745590375101,"message_id":108,"output":"^","stderr":true},"type":"standard_output"}
{"payload":{"local_timestamp":1745590375102,"message_id":109,"output":"\n","stderr":true},"type":"standard_output"}
{"payload":{"local_timestamp":1745590375102,"message_id":110,"output":"  File \"c:\\Users\\91895\\OneDrive\\Desktop\\cloneyolo\\yolov5\\utils\\loggers\\comet\\__init__.py\", line 100, in __init__\n","stderr":true},"type":"standard_output"}
{"payload":{"local_timestamp":1745590375103,"message_id":111,"output":"    ","stderr":true},"type":"standard_output"}
{"payload":{"local_timestamp":1745590375104,"message_id":112,"output":"self.data_dict = self.check_dataset(self.opt.data)","stderr":true},"type":"standard_output"}
{"payload":{"local_timestamp":1745590375104,"message_id":113,"output":"\n","stderr":true},"type":"standard_output"}
{"payload":{"local_timestamp":1745590375104,"message_id":114,"output":" ","stderr":true},"type":"standard_output"}
{"payload":{"local_timestamp":1745590375104,"message_id":115,"output":" ","stderr":true},"type":"standard_output"}
{"payload":{"local_timestamp":1745590375104,"message_id":116,"output":" ","stderr":true},"type":"standard_output"}
{"payload":{"local_timestamp":1745590375104,"message_id":117,"output":" ","stderr":true},"type":"standard_output"}
{"payload":{"local_timestamp":1745590375104,"message_id":118,"output":" ","stderr":true},"type":"standard_output"}
{"payload":{"local_timestamp":1745590375105,"message_id":119,"output":" ","stderr":true},"type":"standard_output"}
{"payload":{"local_timestamp":1745590375105,"message_id":120,"output":" ","stderr":true},"type":"standard_output"}
{"payload":{"local_timestamp":1745590375105,"message_id":121,"output":" ","stderr":true},"type":"standard_output"}
{"payload":{"local_timestamp":1745590375105,"message_id":122,"output":" ","stderr":true},"type":"standard_output"}
{"payload":{"local_timestamp":1745590375105,"message_id":123,"output":" ","stderr":true},"type":"standard_output"}
{"payload":{"local_timestamp":1745590375105,"message_id":124,"output":" ","stderr":true},"type":"standard_output"}
{"payload":{"local_timestamp":1745590375105,"message_id":125,"output":" ","stderr":true},"type":"standard_output"}
{"payload":{"local_timestamp":1745590375106,"message_id":126,"output":" ","stderr":true},"type":"standard_output"}
{"payload":{"local_timestamp":1745590375109,"message_id":127,"output":" ","stderr":true},"type":"standard_output"}
{"payload":{"local_timestamp":1745590375109,"message_id":128,"output":" ","stderr":true},"type":"standard_output"}
{"payload":{"local_timestamp":1745590375111,"message_id":129,"output":" ","stderr":true},"type":"standard_output"}
{"payload":{"local_timestamp":1745590375111,"message_id":130,"output":" ","stderr":true},"type":"standard_output"}
{"payload":{"local_timestamp":1745590375113,"message_id":131,"output":" ","stderr":true},"type":"standard_output"}
{"payload":{"local_timestamp":1745590375114,"message_id":132,"output":" ","stderr":true},"type":"standard_output"}
{"payload":{"local_timestamp":1745590375114,"message_id":133,"output":" ","stderr":true},"type":"standard_output"}
{"payload":{"local_timestamp":1745590375114,"message_id":134,"output":" ","stderr":true},"type":"standard_output"}
{"payload":{"local_timestamp":1745590375115,"message_id":135,"output":"^","stderr":true},"type":"standard_output"}
{"payload":{"local_timestamp":1745590375115,"message_id":136,"output":"^","stderr":true},"type":"standard_output"}
{"payload":{"local_timestamp":1745590375115,"message_id":137,"output":"^","stderr":true},"type":"standard_output"}
{"payload":{"local_timestamp":1745590375115,"message_id":138,"output":"^","stderr":true},"type":"standard_output"}
{"payload":{"local_timestamp":1745590375115,"message_id":139,"output":"^","stderr":true},"type":"standard_output"}
{"payload":{"local_timestamp":1745590375116,"message_id":140,"output":"^","stderr":true},"type":"standard_output"}
{"payload":{"local_timestamp":1745590375116,"message_id":141,"output":"^","stderr":true},"type":"standard_output"}
{"payload":{"local_timestamp":1745590375116,"message_id":142,"output":"^","stderr":true},"type":"standard_output"}
{"payload":{"local_timestamp":1745590375116,"message_id":143,"output":"^","stderr":true},"type":"standard_output"}
{"payload":{"local_timestamp":1745590375116,"message_id":144,"output":"^","stderr":true},"type":"standard_output"}
{"payload":{"local_timestamp":1745590375116,"message_id":145,"output":"^","stderr":true},"type":"standard_output"}
{"payload":{"local_timestamp":1745590375116,"message_id":146,"output":"^","stderr":true},"type":"standard_output"}
{"payload":{"local_timestamp":1745590375116,"message_id":147,"output":"^","stderr":true},"type":"standard_output"}
{"payload":{"local_timestamp":1745590375117,"message_id":148,"output":"^","stderr":true},"type":"standard_output"}
{"payload":{"local_timestamp":1745590375117,"message_id":149,"output":"^","stderr":true},"type":"standard_output"}
{"payload":{"local_timestamp":1745590375117,"message_id":150,"output":"^","stderr":true},"type":"standard_output"}
{"payload":{"local_timestamp":1745590375117,"message_id":151,"output":"^","stderr":true},"type":"standard_output"}
{"payload":{"local_timestamp":1745590375117,"message_id":152,"output":"^","stderr":true},"type":"standard_output"}
{"payload":{"local_timestamp":1745590375117,"message_id":153,"output":"^","stderr":true},"type":"standard_output"}
{"payload":{"local_timestamp":1745590375117,"message_id":154,"output":"^","stderr":true},"type":"standard_output"}
{"payload":{"local_timestamp":1745590375118,"message_id":155,"output":"^","stderr":true},"type":"standard_output"}
{"payload":{"local_timestamp":1745590375118,"message_id":156,"output":"^","stderr":true},"type":"standard_output"}
{"payload":{"local_timestamp":1745590375118,"message_id":157,"output":"^","stderr":true},"type":"standard_output"}
{"payload":{"local_timestamp":1745590375118,"message_id":158,"output":"^","stderr":true},"type":"standard_output"}
{"payload":{"local_timestamp":1745590375118,"message_id":159,"output":"^","stderr":true},"type":"standard_output"}
{"payload":{"local_timestamp":1745590375118,"message_id":160,"output":"^","stderr":true},"type":"standard_output"}
{"payload":{"local_timestamp":1745590375118,"message_id":161,"output":"^","stderr":true},"type":"standard_output"}
{"payload":{"local_timestamp":1745590375119,"message_id":162,"output":"^","stderr":true},"type":"standard_output"}
{"payload":{"local_timestamp":1745590375119,"message_id":163,"output":"^","stderr":true},"type":"standard_output"}
{"payload":{"local_timestamp":1745590375119,"message_id":164,"output":"^","stderr":true},"type":"standard_output"}
{"payload":{"local_timestamp":1745590375119,"message_id":165,"output":"^","stderr":true},"type":"standard_output"}
{"payload":{"local_timestamp":1745590375119,"message_id":166,"output":"^","stderr":true},"type":"standard_output"}
{"payload":{"local_timestamp":1745590375121,"message_id":167,"output":"^","stderr":true},"type":"standard_output"}
{"payload":{"local_timestamp":1745590375122,"message_id":168,"output":"\n","stderr":true},"type":"standard_output"}
{"payload":{"local_timestamp":1745590375122,"message_id":169,"output":"  File \"c:\\Users\\91895\\OneDrive\\Desktop\\cloneyolo\\yolov5\\utils\\loggers\\comet\\__init__.py\", line 258, in check_dataset\n","stderr":true},"type":"standard_output"}
{"payload":{"local_timestamp":1745590375130,"message_id":170,"output":"    ","stderr":true},"type":"standard_output"}
{"payload":{"local_timestamp":1745590375131,"message_id":171,"output":"return check_dataset(data_file)","stderr":true},"type":"standard_output"}
{"payload":{"local_timestamp":1745590375132,"message_id":172,"output":"\n","stderr":true},"type":"standard_output"}
{"payload":{"local_timestamp":1745590375132,"message_id":173,"output":" ","stderr":true},"type":"standard_output"}
{"payload":{"local_timestamp":1745590375132,"message_id":174,"output":" ","stderr":true},"type":"standard_output"}
{"payload":{"local_timestamp":1745590375132,"message_id":175,"output":" ","stderr":true},"type":"standard_output"}
{"payload":{"local_timestamp":1745590375132,"message_id":176,"output":" ","stderr":true},"type":"standard_output"}
{"payload":{"local_timestamp":1745590375133,"message_id":177,"output":" ","stderr":true},"type":"standard_output"}
{"payload":{"local_timestamp":1745590375133,"message_id":178,"output":" ","stderr":true},"type":"standard_output"}
{"payload":{"local_timestamp":1745590375133,"message_id":179,"output":" ","stderr":true},"type":"standard_output"}
{"payload":{"local_timestamp":1745590375133,"message_id":180,"output":" ","stderr":true},"type":"standard_output"}
{"payload":{"local_timestamp":1745590375133,"message_id":181,"output":" ","stderr":true},"type":"standard_output"}
{"payload":{"local_timestamp":1745590375133,"message_id":182,"output":" ","stderr":true},"type":"standard_output"}
{"payload":{"local_timestamp":1745590375133,"message_id":183,"output":" ","stderr":true},"type":"standard_output"}
{"payload":{"local_timestamp":1745590375134,"message_id":184,"output":"^","stderr":true},"type":"standard_output"}
{"payload":{"local_timestamp":1745590375134,"message_id":185,"output":"^","stderr":true},"type":"standard_output"}
{"payload":{"local_timestamp":1745590375134,"message_id":186,"output":"^","stderr":true},"type":"standard_output"}
{"payload":{"local_timestamp":1745590375134,"message_id":187,"output":"^","stderr":true},"type":"standard_output"}
{"payload":{"local_timestamp":1745590375134,"message_id":188,"output":"^","stderr":true},"type":"standard_output"}
{"payload":{"local_timestamp":1745590375134,"message_id":189,"output":"^","stderr":true},"type":"standard_output"}
{"payload":{"local_timestamp":1745590375134,"message_id":190,"output":"^","stderr":true},"type":"standard_output"}
{"payload":{"local_timestamp":1745590375134,"message_id":191,"output":"^","stderr":true},"type":"standard_output"}
{"payload":{"local_timestamp":1745590375135,"message_id":192,"output":"^","stderr":true},"type":"standard_output"}
{"payload":{"local_timestamp":1745590375135,"message_id":193,"output":"^","stderr":true},"type":"standard_output"}
{"payload":{"local_timestamp":1745590375135,"message_id":194,"output":"^","stderr":true},"type":"standard_output"}
{"payload":{"local_timestamp":1745590375135,"message_id":195,"output":"^","stderr":true},"type":"standard_output"}
{"payload":{"local_timestamp":1745590375135,"message_id":196,"output":"^","stderr":true},"type":"standard_output"}
{"payload":{"local_timestamp":1745590375135,"message_id":197,"output":"^","stderr":true},"type":"standard_output"}
{"payload":{"local_timestamp":1745590375135,"message_id":198,"output":"^","stderr":true},"type":"standard_output"}
{"payload":{"local_timestamp":1745590375135,"message_id":199,"output":"^","stderr":true},"type":"standard_output"}
{"payload":{"local_timestamp":1745590375135,"message_id":200,"output":"^","stderr":true},"type":"standard_output"}
{"payload":{"local_timestamp":1745590375136,"message_id":201,"output":"^","stderr":true},"type":"standard_output"}
{"payload":{"local_timestamp":1745590375136,"message_id":202,"output":"^","stderr":true},"type":"standard_output"}
{"payload":{"local_timestamp":1745590375137,"message_id":203,"output":"^","stderr":true},"type":"standard_output"}
{"payload":{"local_timestamp":1745590375137,"message_id":204,"output":"^","stderr":true},"type":"standard_output"}
{"payload":{"local_timestamp":1745590375137,"message_id":205,"output":"^","stderr":true},"type":"standard_output"}
{"payload":{"local_timestamp":1745590375137,"message_id":206,"output":"^","stderr":true},"type":"standard_output"}
{"payload":{"local_timestamp":1745590375137,"message_id":207,"output":"^","stderr":true},"type":"standard_output"}
{"payload":{"local_timestamp":1745590375137,"message_id":208,"output":"\n","stderr":true},"type":"standard_output"}
{"payload":{"local_timestamp":1745590375138,"message_id":209,"output":"  File \"c:\\Users\\91895\\OneDrive\\Desktop\\cloneyolo\\yolov5\\utils\\general.py\", line 564, in check_dataset\n","stderr":true},"type":"standard_output"}
{"payload":{"local_timestamp":1745590375141,"message_id":210,"output":"    ","stderr":true},"type":"standard_output"}
{"payload":{"local_timestamp":1745590375142,"message_id":211,"output":"raise Exception(\"Dataset not found \u274c\")","stderr":true},"type":"standard_output"}
{"payload":{"local_timestamp":1745590375143,"message_id":212,"output":"\n","stderr":true},"type":"standard_output"}
{"payload":{"local_timestamp":1745590375149,"message_id":213,"output":"Exception","stderr":true},"type":"standard_output"}
{"payload":{"local_timestamp":1745590375150,"message_id":214,"output":": ","stderr":true},"type":"standard_output"}
{"payload":{"local_timestamp":1745590375151,"message_id":215,"output":"Dataset not found \u274c","stderr":true},"type":"standard_output"}
{"payload":{"local_timestamp":1745590375151,"message_id":216,"output":"\n","stderr":true},"type":"standard_output"}
{"payload":{"local_timestamp":1745590375151,"message_id":217,"output":"\u001b[1;38;5;39mCOMET INFO:\u001b[0m ---------------------------------------------------------------------------------------\n","stderr":true},"type":"standard_output"}
{"payload":{"local_timestamp":1745590375153,"message_id":218,"output":"\u001b[1;38;5;39mCOMET INFO:\u001b[0m Comet.ml OfflineExperiment Summary\n","stderr":true},"type":"standard_output"}
{"payload":{"local_timestamp":1745590375153,"message_id":219,"output":"\u001b[1;38;5;39mCOMET INFO:\u001b[0m ---------------------------------------------------------------------------------------\n","stderr":true},"type":"standard_output"}
{"payload":{"local_timestamp":1745590375154,"message_id":220,"output":"\u001b[1;38;5;39mCOMET INFO:\u001b[0m   Data:\n","stderr":true},"type":"standard_output"}
{"payload":{"local_timestamp":1745590375154,"message_id":221,"output":"\u001b[1;38;5;39mCOMET INFO:\u001b[0m     display_summary_level : 1\n","stderr":true},"type":"standard_output"}
{"payload":{"local_timestamp":1745590375159,"message_id":222,"output":"\u001b[1;38;5;39mCOMET INFO:\u001b[0m     name                  : exp\n","stderr":true},"type":"standard_output"}
{"payload":{"local_timestamp":1745590375164,"message_id":223,"output":"\u001b[1;38;5;39mCOMET INFO:\u001b[0m     url                   : [OfflineExperiment will get URL after upload]\n","stderr":true},"type":"standard_output"}
{"payload":{"local_timestamp":1745590375166,"message_id":224,"output":"\u001b[1;38;5;39mCOMET INFO:\u001b[0m   Others:\n","stderr":true},"type":"standard_output"}
{"payload":{"local_timestamp":1745590375168,"message_id":225,"output":"\u001b[1;38;5;39mCOMET INFO:\u001b[0m     Name               : exp\n","stderr":true},"type":"standard_output"}
{"payload":{"local_timestamp":1745590375170,"message_id":226,"output":"\u001b[1;38;5;39mCOMET INFO:\u001b[0m     offline_experiment : True\n","stderr":true},"type":"standard_output"}
{"payload":{"local_timestamp":1745590375171,"message_id":227,"output":"\u001b[1;38;5;39mCOMET INFO:\u001b[0m   Uploads:\n","stderr":true},"type":"standard_output"}
{"payload":{"local_timestamp":1745590375177,"message_id":228,"output":"\u001b[1;38;5;39mCOMET INFO:\u001b[0m     asset               : 1 (187 bytes)\n","stderr":true},"type":"standard_output"}
{"payload":{"local_timestamp":1745590375182,"message_id":229,"output":"\u001b[1;38;5;39mCOMET INFO:\u001b[0m     environment details : 1\n","stderr":true},"type":"standard_output"}
{"payload":{"local_timestamp":1745590375183,"message_id":230,"output":"\u001b[1;38;5;39mCOMET INFO:\u001b[0m     installed packages  : 1\n","stderr":true},"type":"standard_output"}
{"payload":{"local_timestamp":1745590375185,"message_id":231,"output":"\u001b[1;38;5;39mCOMET INFO:\u001b[0m \n","stderr":true},"type":"standard_output"}
{"payload":{"local_timestamp":1745590375185,"message_id":232,"metric":{"epoch":null,"metricName":"process duration","metricValue":1,"step":null}},"type":"metric_msg"}
